{"cameraMode":{"drawMode":0,"name":"Shaded","section":"Shading Mode"},"sceneLighting":true,"audioPlay":false,"sceneViewState":{"m_AlwaysRefresh":false,"showFog":true,"showSkybox":true,"showFlares":true,"showImageEffects":true,"showParticleSystems":true,"showVisualEffectGraphs":true,"m_FxEnabled":true},"in2DMode":false,"pivot":{"x":5.392557144165039,"y":3.504838705062866,"z":31.962915420532228},"rotation":{"x":0.03597162291407585,"y":0.6685502529144287,"z":0.028547288849949838,"w":-0.7424144744873047},"size":3.2168710231781008,"orthographic":false}