{"cameraMode":{"drawMode":0,"name":"Shaded","section":"Shading Mode"},"sceneLighting":true,"audioPlay":false,"sceneViewState":{"m_AlwaysRefresh":false,"showFog":true,"showSkybox":true,"showFlares":true,"showImageEffects":true,"showParticleSystems":true,"showVisualEffectGraphs":true,"m_FxEnabled":true},"in2DMode":false,"pivot":{"x":16.925668716430665,"y":2.7045094966888429,"z":32.3708381652832},"rotation":{"x":0.08156921714544296,"y":0.07125430554151535,"z":-0.0029730089008808138,"w":0.9942331910133362},"size":3.7611851692199709,"orthographic":false}